umovevuk,eguzogub
umovevuk,emanunog
umovevuk,ebogomem
eguzogub,emanunog
eguzogub,onabenov
eguzogub,enagaguk
emanunog,onabenov
emanunog,enebegun
emanunog,ugemagum
onabenov,enagaguk
onabenov,enebegun
onabenov,omemabev
onabenov,odudavam
onabenov,emekokuv
onabenov,onomuveb
enagaguk,uvenokub
enagaguk,ozovenob
ebogomem,uvenokub
ebogomem,ozovenob
uvenokub,ozovenob
enebegun,omemabev
enebegun,emekokuv
enebegun,ezukaked
odudavam,emekokuv
onomuveb,ododamon
uvamegum,edagebad
uvamegum,aduganuz
uvamegum,eganavud
uvamegum,ozekegog
odekumek,edagebad
odekumek,aduganuz
odekumek,evadagok
evadagok,eganavud
evadagok,obebadon
evadagok,ozekegog
eganavud,obebadon
eganavud,ozekegog
obebadon,ozekegog
obebadon,adezomom
obebadon,egevozuv
obebadon,umogomed
ozekegog,adezomom
ozekegog,unedadab
ekuganun,umogomed
ekuganun,ukagonob
ekuganun,ovovanuk
evudumen,agodemez
evudumen,ezonodug
evudumen,agekodad
evudumen,onazavoz
ezonodug,agekodad
uzononeg,agekodad
agekodad,ekonenez
onazavoz,ekonenez
ekonenez,anonokom
anonokom,onagumob
anonokom,unedodad
anonokom,ogabegeb
anonokom,avuvoduk
anonokom,uvogevag
anonokom,ezoveven
onagumob,unedodad
onagumob,avunovak
ogabegeb,ovukaded
avuvoduk,ovukaded
ovukaded,ezoveven
ovukaded,edavomov
ezoveven,edavomov
ezoveven,onenozeb
ezoveven,ogazedum
ezoveven,uvogeman
agenoged,ogazedum
agenoged,ozakubad
agenoged,evomudaz
ozakubad,evomudaz
evomudaz,uvogeman
evomudaz,onebevog
evomudaz,ozomegaz
evomudaz,udaguvom
onebevog,ozomegaz
onebevog,udaguvom
ozomegaz,egogakem
ozomegaz,akagozav
ozomegaz,ababozom
ozomegaz,ekomagog
udaguvom,ababozom
udaguvom,ebebudun
udaguvom,ekomagog
udaguvom,azokenem
udaguvom,akugodov
udaguvom,agevedum
udaguvom,enobuvev
egogakem,akagozav
akagozav,ebebudun
akagozav,ekomagog
ababozom,aveduzem
ababozom,azokenem
ebebudun,ekomagog
ebebudun,aveduzem
ekomagog,azokenem
ekomagog,obegenak
ekomagog,amokugod
ekomagog,akugodov
ekomagog,agevedum
ekomagog,enobuvev
aveduzem,akugodov
aveduzem,omanubog
azokenem,obegenak
azokenem,amokugod
azokenem,agevedum
obegenak,amokugod
obegenak,agevedum
obegenak,enobuvev
obegenak,abavazav
obegenak,omanubog
agevedum,enobuvev
enobuvev,abavazav
enobuvev,omanubog
enobuvev,akanokuv
enobuvev,ekuzaned
enobuvev,anakamad
enobuvev,onubezem
enobuvev,ogugudov
abavazav,omanubog
anakamad,ugogegeg
anakamad,agabanab
ogugudov,akezedod
ogugudov,obudokoz
ogugudov,unekugum
akezedod,onanovuv
akezedod,obudokoz
akezedod,azogumug
onanovuv,udanevob
onanovuv,odokudag
obudokoz,unekugum
obudokoz,udanevob
azogumug,unekugum
uvazazed,agukovon
evadakud,agukovon
abobator,bobagovr
