eguzogub,umovevuk,1
emanunog,umovevuk,1
onabenov,umovevuk,1
enagaguk,umovevuk,1
ebogomem,umovevuk,1
emanunog,eguzogub,1
onabenov,eguzogub,1
enagaguk,eguzogub,1
ebogomem,eguzogub,1
onabenov,emanunog,1
enagaguk,emanunog,1
ebogomem,emanunog,1
uvenokub,emanunog,1
ozovenob,emanunog,1
enebegun,emanunog,1
ugemagum,emanunog,1
omemabev,emanunog,1
enagaguk,onabenov,1
ebogomem,onabenov,1
uvenokub,onabenov,1
ozovenob,onabenov,1
enebegun,onabenov,1
ugemagum,onabenov,1
omemabev,onabenov,1
odudavam,onabenov,1
emekokuv,onabenov,1
onomuveb,onabenov,1
ododamon,onabenov,1
ezukaked,onabenov,1
ebogomem,enagaguk,1
uvenokub,enagaguk,1
ozovenob,enagaguk,1
enebegun,enagaguk,1
uvenokub,ebogomem,1
ozovenob,ebogomem,1
enebegun,ebogomem,1
ozovenob,uvenokub,1
enebegun,uvenokub,1
ugemagum,uvenokub,1
ugemagum,enebegun,1
omemabev,enebegun,1
odudavam,enebegun,1
emekokuv,enebegun,1
onomuveb,enebegun,1
ododamon,enebegun,1
ezukaked,enebegun,1
emekokuv,odudavam,1
ododamon,onomuveb,1
uvamegum,ezukaked,1
odekumek,uvamegum,1
edagebad,uvamegum,1
egogozod,uvamegum,1
aduganuz,uvamegum,1
evadagok,uvamegum,1
eganavud,uvamegum,1
obebadon,uvamegum,1
ozekegog,uvamegum,1
edagebad,odekumek,1
egogozod,odekumek,1
aduganuz,odekumek,1
evadagok,odekumek,1
eganavud,odekumek,1
evadagok,aduganuz,1
eganavud,evadagok,1
obebadon,evadagok,1
ozekegog,evadagok,1
adezomom,evadagok,1
unedadab,evadagok,1
obebadon,eganavud,1
ozekegog,eganavud,1
adezomom,eganavud,1
ozekegog,obebadon,1
adezomom,obebadon,1
unedadab,obebadon,1
egevozuv,obebadon,1
ekuganun,obebadon,1
umogomed,obebadon,1
adezomom,ozekegog,1
unedadab,ozekegog,1
egevozuv,ozekegog,1
umogomed,ekuganun,1
adozomak,ekuganun,1
ukagonob,ekuganun,1
ovovanuk,ekuganun,1
adozomak,umogomed,1
agodemez,evudumen,1
ezonodug,evudumen,1
uzononeg,evudumen,1
agekodad,evudumen,1
onazavoz,evudumen,1
ekonenez,evudumen,1
azugonen,evudumen,1
ezonodug,agodemez,1
uzononeg,ezonodug,1
agekodad,ezonodug,1
agekodad,uzononeg,1
onazavoz,agekodad,1
ekonenez,agekodad,1
ekonenez,onazavoz,1
azugonen,onazavoz,1
anonokom,onazavoz,1
onagumob,onazavoz,1
azugonen,ekonenez,1
anonokom,ekonenez,1
onagumob,ekonenez,1
anonokom,azugonen,1
onagumob,azugonen,1
onagumob,anonokom,1
unedodad,anonokom,1
avunovak,anonokom,1
ogabegeb,anonokom,1
avuvoduk,anonokom,1
ovukaded,anonokom,1
uvogevag,anonokom,1
ezoveven,anonokom,1
unedodad,onagumob,1
avunovak,onagumob,1
ogabegeb,onagumob,1
avuvoduk,ogabegeb,1
ovukaded,ogabegeb,1
uvogevag,ogabegeb,1
ezoveven,ogabegeb,1
edavomov,ogabegeb,1
ovukaded,avuvoduk,1
uvogevag,ovukaded,1
ezoveven,ovukaded,1
edavomov,ovukaded,1
ezoveven,uvogevag,1
edavomov,ezoveven,1
onenozeb,ezoveven,1
abenanov,ezoveven,1
agenoged,ezoveven,1
ogazedum,ezoveven,1
ozakubad,ezoveven,1
evebudeg,ezoveven,1
evomudaz,ezoveven,1
unobuvak,ezoveven,1
obedozan,ezoveven,1
uvogeman,ezoveven,1
abenanov,onenozeb,1
ogazedum,agenoged,1
ozakubad,agenoged,1
evebudeg,agenoged,1
evomudaz,agenoged,1
unobuvak,agenoged,1
obedozan,agenoged,1
ozakubad,ogazedum,1
evebudeg,ozakubad,1
evomudaz,ozakubad,1
unobuvak,evomudaz,1
obedozan,evomudaz,1
uvogeman,evomudaz,1
onebevog,evomudaz,1
ozomegaz,evomudaz,1
udaguvom,evomudaz,1
egogakem,evomudaz,1
onebevog,uvogeman,1
ozomegaz,onebevog,1
udaguvom,onebevog,1
udaguvom,ozomegaz,1
egogakem,ozomegaz,1
akagozav,ozomegaz,1
ababozom,ozomegaz,1
ebebudun,ozomegaz,1
ekomagog,ozomegaz,1
egogakem,udaguvom,1
akagozav,udaguvom,1
ababozom,udaguvom,1
ebebudun,udaguvom,1
ekomagog,udaguvom,1
aveduzem,udaguvom,1
azokenem,udaguvom,1
obegenak,udaguvom,1
amokugod,udaguvom,1
akugodov,udaguvom,1
agevedum,udaguvom,1
enobuvev,udaguvom,1
akagozav,egogakem,1
ababozom,akagozav,1
ebebudun,akagozav,1
ekomagog,akagozav,1
ebebudun,ababozom,1
ekomagog,ababozom,1
aveduzem,ababozom,1
azokenem,ababozom,1
ekomagog,ebebudun,1
aveduzem,ebebudun,1
azokenem,ebebudun,1
aveduzem,ekomagog,1
azokenem,ekomagog,1
obegenak,ekomagog,1
amokugod,ekomagog,1
akugodov,ekomagog,1
agevedum,ekomagog,1
enobuvev,ekomagog,1
azokenem,aveduzem,1
obegenak,aveduzem,1
amokugod,aveduzem,1
akugodov,aveduzem,1
agevedum,aveduzem,1
enobuvev,aveduzem,1
abavazav,aveduzem,1
omanubog,aveduzem,1
obegenak,azokenem,1
amokugod,azokenem,1
akugodov,azokenem,1
agevedum,azokenem,1
enobuvev,azokenem,1
abavazav,azokenem,1
amokugod,obegenak,1
akugodov,obegenak,1
agevedum,obegenak,1
enobuvev,obegenak,1
abavazav,obegenak,1
omanubog,obegenak,1
ogozevam,obegenak,1
akanokuv,obegenak,1
enobuvev,agevedum,1
abavazav,enobuvev,1
omanubog,enobuvev,1
ogozevam,enobuvev,1
akanokuv,enobuvev,1
ekuzaned,enobuvev,1
anakamad,enobuvev,1
onubezem,enobuvev,1
ugogegeg,enobuvev,1
agabanab,enobuvev,1
umenuvem,enobuvev,1
ogugudov,enobuvev,1
akezedod,enobuvev,1
omanubog,abavazav,1
ogozevam,abavazav,1
ogozevam,omanubog,1
onubezem,anakamad,1
ugogegeg,anakamad,1
agabanab,anakamad,1
umenuvem,anakamad,1
ogugudov,anakamad,1
akezedod,anakamad,1
onanovuv,anakamad,1
ugogegeg,onubezem,1
agabanab,ugogegeg,1
umenuvem,agabanab,1
ogugudov,agabanab,1
akezedod,agabanab,1
onanovuv,agabanab,1
obudokoz,agabanab,1
azogumug,agabanab,1
ogugudov,umenuvem,1
akezedod,umenuvem,1
onanovuv,umenuvem,1
akezedod,ogugudov,1
onanovuv,ogugudov,1
obudokoz,ogugudov,1
azogumug,ogugudov,1
unekugum,ogugudov,1
udanevob,ogugudov,1
onanovuv,akezedod,1
obudokoz,akezedod,1
azogumug,akezedod,1
obudokoz,onanovuv,1
azogumug,onanovuv,1
unekugum,onanovuv,1
udanevob,onanovuv,1
odokudag,onanovuv,1
azogumug,obudokoz,1
unekugum,obudokoz,1
udanevob,obudokoz,1
odokudag,obudokoz,1
okodavav,obudokoz,1
unekugum,azogumug,1
uvazazed,okodavav,1
evadakud,uvazazed,1
agukovon,uvazazed,1
agukovon,evadakud,1
bobagovr,abobator,10
abobator,bobagovr,5
